dID,date,month,quarter,year
1,2010-10-31,10,4,2010
2,2010-10-30,10,4,2010
3,2010-10-29,10,4,2010
4,2010-10-28,10,4,2010
5,2010-10-27,10,4,2010
6,2010-10-26,10,4,2010
7,2010-10-25,10,4,2010
8,2010-10-24,10,4,2010
9,2010-10-23,10,4,2010
10,2010-10-22,10,4,2010
11,2010-10-21,10,4,2010
12,2010-10-20,10,4,2010
13,2010-10-19,10,4,2010
14,2010-10-18,10,4,2010
15,2010-10-17,10,4,2010
16,2010-10-16,10,4,2010
17,2010-10-15,10,4,2010
18,2010-10-14,10,4,2010
19,2010-10-13,10,4,2010
20,2010-10-12,10,4,2010
21,2010-10-11,10,4,2010
22,2010-10-10,10,4,2010
23,2010-10-09,10,4,2010
24,2010-10-08,10,4,2010
25,2010-10-07,10,4,2010
26,2010-10-06,10,4,2010
27,2010-10-05,10,4,2010
28,2010-10-04,10,4,2010
29,2010-10-03,10,4,2010
30,2010-10-02,10,4,2010
31,2010-10-01,10,4,2010
32,2011-10-31,10,4,2011
33,2011-10-30,10,4,2011
34,2011-10-29,10,4,2011
35,2011-10-28,10,4,2011
36,2011-10-27,10,4,2011
37,2011-10-26,10,4,2011
38,2011-10-25,10,4,2011
39,2011-10-24,10,4,2011
40,2011-10-23,10,4,2011
41,2011-10-22,10,4,2011
42,2011-10-21,10,4,2011
43,2011-10-20,10,4,2011
44,2011-10-19,10,4,2011
45,2011-10-18,10,4,2011
46,2011-10-17,10,4,2011
47,2011-10-16,10,4,2011
48,2011-10-15,10,4,2011
49,2011-10-14,10,4,2011
50,2011-10-13,10,4,2011
51,2011-10-12,10,4,2011
52,2011-10-11,10,4,2011
53,2011-10-10,10,4,2011
54,2011-10-09,10,4,2011
55,2011-10-08,10,4,2011
56,2011-10-07,10,4,2011
57,2011-10-06,10,4,2011
58,2011-10-05,10,4,2011
59,2011-10-04,10,4,2011
60,2011-10-03,10,4,2011
61,2011-10-02,10,4,2011
62,2011-10-01,10,4,2011
63,2012-10-31,10,4,2012
64,2012-10-30,10,4,2012
65,2012-10-29,10,4,2012
66,2012-10-28,10,4,2012
67,2012-10-27,10,4,2012
68,2012-10-26,10,4,2012
69,2012-10-25,10,4,2012
70,2012-10-24,10,4,2012
71,2012-10-23,10,4,2012
72,2012-10-22,10,4,2012
73,2012-10-21,10,4,2012
74,2012-10-20,10,4,2012
75,2012-10-19,10,4,2012
76,2012-10-18,10,4,2012
77,2012-10-17,10,4,2012
78,2012-10-16,10,4,2012
79,2012-10-15,10,4,2012
80,2012-10-14,10,4,2012
81,2012-10-13,10,4,2012
82,2012-10-12,10,4,2012
83,2012-10-11,10,4,2012
84,2012-10-10,10,4,2012
85,2012-10-09,10,4,2012
86,2012-10-08,10,4,2012
87,2012-10-07,10,4,2012
88,2012-10-06,10,4,2012
89,2012-10-05,10,4,2012
90,2012-10-04,10,4,2012
91,2012-10-03,10,4,2012
92,2012-10-02,10,4,2012
93,2012-10-01,10,4,2012
94,2013-10-31,10,4,2013
95,2013-10-30,10,4,2013
96,2013-10-29,10,4,2013
97,2013-10-28,10,4,2013
98,2013-10-27,10,4,2013
99,2013-10-26,10,4,2013
100,2013-10-25,10,4,2013
101,2013-10-24,10,4,2013
102,2013-10-23,10,4,2013
103,2013-10-22,10,4,2013
104,2013-10-21,10,4,2013
105,2013-10-20,10,4,2013
106,2013-10-19,10,4,2013
107,2013-10-18,10,4,2013
108,2013-10-17,10,4,2013
109,2013-10-16,10,4,2013
110,2013-10-15,10,4,2013
111,2013-10-14,10,4,2013
112,2013-10-13,10,4,2013
113,2013-10-12,10,4,2013
114,2013-10-11,10,4,2013
115,2013-10-10,10,4,2013
116,2013-10-09,10,4,2013
117,2013-10-08,10,4,2013
118,2013-10-07,10,4,2013
119,2013-10-06,10,4,2013
120,2013-10-05,10,4,2013
121,2013-10-04,10,4,2013
122,2013-10-03,10,4,2013
123,2013-10-02,10,4,2013
124,2013-10-01,10,4,2013
125,2014-10-31,10,4,2014
126,2014-10-30,10,4,2014
127,2014-10-29,10,4,2014
128,2014-10-28,10,4,2014
129,2014-10-27,10,4,2014
130,2014-10-26,10,4,2014
131,2014-10-25,10,4,2014
132,2014-10-24,10,4,2014
133,2014-10-23,10,4,2014
134,2014-10-22,10,4,2014
135,2014-10-21,10,4,2014
136,2014-10-20,10,4,2014
137,2014-10-19,10,4,2014
138,2014-10-18,10,4,2014
139,2014-10-17,10,4,2014
140,2014-10-16,10,4,2014
141,2014-10-15,10,4,2014
142,2014-10-14,10,4,2014
143,2014-10-13,10,4,2014
144,2014-10-12,10,4,2014
145,2014-10-11,10,4,2014
146,2014-10-10,10,4,2014
147,2014-10-09,10,4,2014
148,2014-10-08,10,4,2014
149,2014-10-07,10,4,2014
150,2014-10-06,10,4,2014
151,2014-10-05,10,4,2014
152,2014-10-04,10,4,2014
153,2014-10-03,10,4,2014
154,2014-10-02,10,4,2014
155,2014-10-01,10,4,2014
156,2015-10-31,10,4,2015
157,2015-10-30,10,4,2015
158,2015-10-29,10,4,2015
159,2015-10-28,10,4,2015
160,2015-10-27,10,4,2015
161,2015-10-26,10,4,2015
162,2015-10-25,10,4,2015
163,2015-10-24,10,4,2015
164,2015-10-23,10,4,2015
165,2015-10-22,10,4,2015
166,2015-10-21,10,4,2015
167,2015-10-20,10,4,2015
168,2015-10-19,10,4,2015
169,2015-10-18,10,4,2015
170,2015-10-17,10,4,2015
171,2015-10-16,10,4,2015
172,2015-10-15,10,4,2015
173,2015-10-14,10,4,2015
174,2015-10-13,10,4,2015
175,2015-10-12,10,4,2015
176,2015-10-11,10,4,2015
177,2015-10-10,10,4,2015
178,2015-10-09,10,4,2015
179,2015-10-08,10,4,2015
180,2015-10-07,10,4,2015
181,2015-10-06,10,4,2015
182,2015-10-05,10,4,2015
183,2015-10-04,10,4,2015
184,2015-10-03,10,4,2015
185,2015-10-02,10,4,2015
186,2015-10-01,10,4,2015
187,2016-10-31,10,4,2016
188,2016-10-30,10,4,2016
189,2016-10-29,10,4,2016
190,2016-10-28,10,4,2016
191,2016-10-27,10,4,2016
192,2016-10-26,10,4,2016
193,2016-10-25,10,4,2016
194,2016-10-24,10,4,2016
195,2016-10-23,10,4,2016
196,2016-10-22,10,4,2016
197,2016-10-21,10,4,2016
198,2016-10-20,10,4,2016
199,2016-10-19,10,4,2016
200,2016-10-18,10,4,2016
201,2016-10-17,10,4,2016
202,2016-10-16,10,4,2016
203,2016-10-15,10,4,2016
204,2016-10-14,10,4,2016
205,2016-10-13,10,4,2016
206,2016-10-12,10,4,2016
207,2016-10-11,10,4,2016
208,2016-10-10,10,4,2016
209,2016-10-09,10,4,2016
210,2016-10-08,10,4,2016
211,2016-10-07,10,4,2016
212,2016-10-06,10,4,2016
213,2016-10-05,10,4,2016
214,2016-10-04,10,4,2016
215,2016-10-03,10,4,2016
216,2016-10-02,10,4,2016
217,2016-10-01,10,4,2016
218,2009-10-31,10,4,2009
219,2009-10-30,10,4,2009
220,2009-10-29,10,4,2009
221,2009-10-28,10,4,2009
222,2009-10-27,10,4,2009
223,2009-10-26,10,4,2009
224,2009-10-25,10,4,2009
225,2009-10-24,10,4,2009
226,2009-10-23,10,4,2009
227,2009-10-22,10,4,2009
228,2009-10-21,10,4,2009
229,2009-10-20,10,4,2009
230,2009-10-19,10,4,2009
231,2009-10-18,10,4,2009
232,2009-10-17,10,4,2009
233,2009-10-16,10,4,2009
234,2009-10-15,10,4,2009
235,2009-10-14,10,4,2009
236,2009-10-13,10,4,2009
237,2009-10-12,10,4,2009
238,2009-10-11,10,4,2009
239,2009-10-10,10,4,2009
240,2009-10-09,10,4,2009
241,2009-10-08,10,4,2009
242,2009-10-07,10,4,2009
243,2009-10-06,10,4,2009
244,2009-10-05,10,4,2009
245,2009-10-04,10,4,2009
246,2009-10-03,10,4,2009
247,2009-10-02,10,4,2009
248,2009-10-01,10,4,2009
249,2010-01-31,1,1,2010
250,2010-01-30,1,1,2010
251,2010-01-29,1,1,2010
252,2010-01-28,1,1,2010
253,2010-01-27,1,1,2010
254,2010-01-26,1,1,2010
255,2010-01-25,1,1,2010
256,2010-01-24,1,1,2010
257,2010-01-23,1,1,2010
258,2010-01-22,1,1,2010
259,2010-01-21,1,1,2010
260,2010-01-20,1,1,2010
261,2010-01-19,1,1,2010
262,2010-01-18,1,1,2010
263,2010-01-17,1,1,2010
264,2010-01-16,1,1,2010
265,2010-01-15,1,1,2010
266,2010-01-14,1,1,2010
267,2010-01-13,1,1,2010
268,2010-01-12,1,1,2010
269,2010-01-11,1,1,2010
270,2010-01-10,1,1,2010
271,2010-01-09,1,1,2010
272,2010-01-08,1,1,2010
273,2010-01-07,1,1,2010
274,2010-01-06,1,1,2010
275,2010-01-05,1,1,2010
276,2010-01-04,1,1,2010
277,2010-01-03,1,1,2010
278,2010-01-02,1,1,2010
279,2010-01-01,1,1,2010
280,2011-01-31,1,1,2011
281,2011-01-30,1,1,2011
282,2011-01-29,1,1,2011
283,2011-01-28,1,1,2011
284,2011-01-27,1,1,2011
285,2011-01-26,1,1,2011
286,2011-01-25,1,1,2011
287,2011-01-24,1,1,2011
288,2011-01-23,1,1,2011
289,2011-01-22,1,1,2011
290,2011-01-21,1,1,2011
291,2011-01-20,1,1,2011
292,2011-01-19,1,1,2011
293,2011-01-18,1,1,2011
294,2011-01-17,1,1,2011
295,2011-01-16,1,1,2011
296,2011-01-15,1,1,2011
297,2011-01-14,1,1,2011
298,2011-01-13,1,1,2011
299,2011-01-12,1,1,2011
300,2011-01-11,1,1,2011
301,2011-01-10,1,1,2011
302,2011-01-09,1,1,2011
303,2011-01-08,1,1,2011
304,2011-01-07,1,1,2011
305,2011-01-06,1,1,2011
306,2011-01-05,1,1,2011
307,2011-01-04,1,1,2011
308,2011-01-03,1,1,2011
309,2011-01-02,1,1,2011
310,2011-01-01,1,1,2011
311,2010-11-30,11,4,2010
312,2010-11-29,11,4,2010
313,2010-11-28,11,4,2010
314,2010-11-27,11,4,2010
315,2010-11-26,11,4,2010
316,2010-11-25,11,4,2010
317,2010-11-24,11,4,2010
318,2010-11-23,11,4,2010
319,2010-11-22,11,4,2010
320,2010-11-21,11,4,2010
321,2010-11-20,11,4,2010
322,2010-11-19,11,4,2010
323,2010-11-18,11,4,2010
324,2010-11-17,11,4,2010
325,2010-11-16,11,4,2010
326,2010-11-15,11,4,2010
327,2010-11-14,11,4,2010
328,2010-11-13,11,4,2010
329,2010-11-12,11,4,2010
330,2010-11-11,11,4,2010
331,2010-11-10,11,4,2010
332,2010-11-09,11,4,2010
333,2010-11-08,11,4,2010
334,2010-11-07,11,4,2010
335,2010-11-06,11,4,2010
336,2010-11-05,11,4,2010
337,2010-11-04,11,4,2010
338,2010-11-03,11,4,2010
339,2010-11-02,11,4,2010
340,2010-11-01,11,4,2010
341,2011-11-30,11,4,2011
342,2011-11-29,11,4,2011
343,2011-11-28,11,4,2011
344,2011-11-27,11,4,2011
345,2011-11-26,11,4,2011
346,2011-11-25,11,4,2011
347,2011-11-24,11,4,2011
348,2011-11-23,11,4,2011
349,2011-11-22,11,4,2011
350,2011-11-21,11,4,2011
351,2011-11-20,11,4,2011
352,2011-11-19,11,4,2011
353,2011-11-18,11,4,2011
354,2011-11-17,11,4,2011
355,2011-11-16,11,4,2011
356,2011-11-15,11,4,2011
357,2011-11-14,11,4,2011
358,2011-11-13,11,4,2011
359,2011-11-12,11,4,2011
360,2011-11-11,11,4,2011
361,2011-11-10,11,4,2011
362,2011-11-09,11,4,2011
363,2011-11-08,11,4,2011
364,2011-11-07,11,4,2011
365,2011-11-06,11,4,2011
366,2011-11-05,11,4,2011
367,2011-11-04,11,4,2011
368,2011-11-03,11,4,2011
369,2011-11-02,11,4,2011
370,2011-11-01,11,4,2011
371,2012-11-30,11,4,2012
372,2012-11-29,11,4,2012
373,2012-11-28,11,4,2012
374,2012-11-27,11,4,2012
375,2012-11-26,11,4,2012
376,2012-11-25,11,4,2012
377,2012-11-24,11,4,2012
378,2012-11-23,11,4,2012
379,2012-11-22,11,4,2012
380,2012-11-21,11,4,2012
381,2012-11-20,11,4,2012
382,2012-11-19,11,4,2012
383,2012-11-18,11,4,2012
384,2012-11-17,11,4,2012
385,2012-11-16,11,4,2012
386,2012-11-15,11,4,2012
387,2012-11-14,11,4,2012
388,2012-11-13,11,4,2012
389,2012-11-12,11,4,2012
390,2012-11-11,11,4,2012
391,2012-11-10,11,4,2012
392,2012-11-09,11,4,2012
393,2012-11-08,11,4,2012
394,2012-11-07,11,4,2012
395,2012-11-06,11,4,2012
396,2012-11-05,11,4,2012
397,2012-11-04,11,4,2012
398,2012-11-03,11,4,2012
399,2012-11-02,11,4,2012
400,2012-11-01,11,4,2012
401,2013-11-30,11,4,2013
402,2013-11-29,11,4,2013
403,2013-11-28,11,4,2013
404,2013-11-27,11,4,2013
405,2013-11-26,11,4,2013
406,2013-11-25,11,4,2013
407,2013-11-24,11,4,2013
408,2013-11-23,11,4,2013
409,2013-11-22,11,4,2013
410,2013-11-21,11,4,2013
411,2013-11-20,11,4,2013
412,2013-11-19,11,4,2013
413,2013-11-18,11,4,2013
414,2013-11-17,11,4,2013
415,2013-11-16,11,4,2013
416,2013-11-15,11,4,2013
417,2013-11-14,11,4,2013
418,2013-11-13,11,4,2013
419,2013-11-12,11,4,2013
420,2013-11-11,11,4,2013
421,2013-11-10,11,4,2013
422,2013-11-09,11,4,2013
423,2013-11-08,11,4,2013
424,2013-11-07,11,4,2013
425,2013-11-06,11,4,2013
426,2013-11-05,11,4,2013
427,2013-11-04,11,4,2013
428,2013-11-03,11,4,2013
429,2013-11-02,11,4,2013
430,2013-11-01,11,4,2013
431,2014-11-30,11,4,2014
432,2014-11-29,11,4,2014
433,2014-11-28,11,4,2014
434,2014-11-27,11,4,2014
435,2014-11-26,11,4,2014
436,2014-11-25,11,4,2014
437,2014-11-24,11,4,2014
438,2014-11-23,11,4,2014
439,2014-11-22,11,4,2014
440,2014-11-21,11,4,2014
441,2014-11-20,11,4,2014
442,2014-11-19,11,4,2014
443,2014-11-18,11,4,2014
444,2014-11-17,11,4,2014
445,2014-11-16,11,4,2014
446,2014-11-15,11,4,2014
447,2014-11-14,11,4,2014
448,2014-11-13,11,4,2014
449,2014-11-12,11,4,2014
450,2014-11-11,11,4,2014
451,2014-11-10,11,4,2014
452,2014-11-09,11,4,2014
453,2014-11-08,11,4,2014
454,2014-11-07,11,4,2014
455,2014-11-06,11,4,2014
456,2014-11-05,11,4,2014
457,2014-11-04,11,4,2014
458,2014-11-03,11,4,2014
459,2014-11-02,11,4,2014
460,2014-11-01,11,4,2014
461,2015-11-30,11,4,2015
462,2015-11-29,11,4,2015
463,2015-11-28,11,4,2015
464,2015-11-27,11,4,2015
465,2015-11-26,11,4,2015
466,2015-11-25,11,4,2015
467,2015-11-24,11,4,2015
468,2015-11-23,11,4,2015
469,2015-11-22,11,4,2015
470,2015-11-21,11,4,2015
471,2015-11-20,11,4,2015
472,2015-11-19,11,4,2015
473,2015-11-18,11,4,2015
474,2015-11-17,11,4,2015
475,2015-11-16,11,4,2015
476,2015-11-15,11,4,2015
477,2015-11-14,11,4,2015
478,2015-11-13,11,4,2015
479,2015-11-12,11,4,2015
480,2015-11-11,11,4,2015
481,2015-11-10,11,4,2015
482,2015-11-09,11,4,2015
483,2015-11-08,11,4,2015
484,2015-11-07,11,4,2015
485,2015-11-06,11,4,2015
486,2015-11-05,11,4,2015
487,2015-11-04,11,4,2015
488,2015-11-03,11,4,2015
489,2015-11-02,11,4,2015
490,2015-11-01,11,4,2015
491,2016-11-30,11,4,2016
492,2016-11-29,11,4,2016
493,2016-11-28,11,4,2016
494,2016-11-27,11,4,2016
495,2016-11-26,11,4,2016
496,2016-11-25,11,4,2016
497,2016-11-24,11,4,2016
498,2016-11-23,11,4,2016
499,2016-11-22,11,4,2016
500,2016-11-21,11,4,2016
501,2016-11-20,11,4,2016
502,2016-11-19,11,4,2016
503,2016-11-18,11,4,2016
504,2016-11-17,11,4,2016
505,2016-11-16,11,4,2016
506,2016-11-15,11,4,2016
507,2016-11-14,11,4,2016
508,2016-11-13,11,4,2016
509,2016-11-12,11,4,2016
510,2016-11-11,11,4,2016
511,2016-11-10,11,4,2016
512,2016-11-09,11,4,2016
513,2016-11-08,11,4,2016
514,2016-11-07,11,4,2016
515,2016-11-06,11,4,2016
516,2016-11-05,11,4,2016
517,2016-11-04,11,4,2016
518,2016-11-03,11,4,2016
519,2016-11-02,11,4,2016
520,2016-11-01,11,4,2016
521,2012-01-31,1,1,2012
522,2012-01-30,1,1,2012
523,2012-01-29,1,1,2012
524,2012-01-28,1,1,2012
525,2012-01-27,1,1,2012
526,2012-01-26,1,1,2012
527,2012-01-25,1,1,2012
528,2012-01-24,1,1,2012
529,2012-01-23,1,1,2012
530,2012-01-22,1,1,2012
531,2012-01-21,1,1,2012
532,2012-01-20,1,1,2012
533,2012-01-19,1,1,2012
534,2012-01-18,1,1,2012
535,2012-01-17,1,1,2012
536,2012-01-16,1,1,2012
537,2012-01-15,1,1,2012
538,2012-01-14,1,1,2012
539,2012-01-13,1,1,2012
540,2012-01-12,1,1,2012
541,2012-01-11,1,1,2012
542,2012-01-10,1,1,2012
543,2012-01-09,1,1,2012
544,2012-01-08,1,1,2012
545,2012-01-07,1,1,2012
546,2012-01-06,1,1,2012
547,2012-01-05,1,1,2012
548,2012-01-04,1,1,2012
549,2012-01-03,1,1,2012
550,2012-01-02,1,1,2012
551,2012-01-01,1,1,2012
552,2013-01-31,1,1,2013
553,2013-01-30,1,1,2013
554,2013-01-29,1,1,2013
555,2013-01-28,1,1,2013
556,2013-01-27,1,1,2013
557,2013-01-26,1,1,2013
558,2013-01-25,1,1,2013
559,2013-01-24,1,1,2013
560,2013-01-23,1,1,2013
561,2013-01-22,1,1,2013
562,2013-01-21,1,1,2013
563,2013-01-20,1,1,2013
564,2013-01-19,1,1,2013
565,2013-01-18,1,1,2013
566,2013-01-17,1,1,2013
567,2013-01-16,1,1,2013
568,2013-01-15,1,1,2013
569,2013-01-14,1,1,2013
570,2013-01-13,1,1,2013
571,2013-01-12,1,1,2013
572,2013-01-11,1,1,2013
573,2013-01-10,1,1,2013
574,2013-01-09,1,1,2013
575,2013-01-08,1,1,2013
576,2013-01-07,1,1,2013
577,2013-01-06,1,1,2013
578,2013-01-05,1,1,2013
579,2013-01-04,1,1,2013
580,2013-01-03,1,1,2013
581,2013-01-02,1,1,2013
582,2013-01-01,1,1,2013
583,2014-01-31,1,1,2014
584,2014-01-30,1,1,2014
585,2014-01-29,1,1,2014
586,2014-01-28,1,1,2014
587,2014-01-27,1,1,2014
588,2014-01-26,1,1,2014
589,2014-01-25,1,1,2014
590,2014-01-24,1,1,2014
591,2014-01-23,1,1,2014
592,2014-01-22,1,1,2014
593,2014-01-21,1,1,2014
594,2014-01-20,1,1,2014
595,2014-01-19,1,1,2014
596,2014-01-18,1,1,2014
597,2014-01-17,1,1,2014
598,2014-01-16,1,1,2014
599,2014-01-15,1,1,2014
600,2014-01-14,1,1,2014
601,2014-01-13,1,1,2014
602,2014-01-12,1,1,2014
603,2014-01-11,1,1,2014
604,2014-01-10,1,1,2014
605,2014-01-09,1,1,2014
606,2014-01-08,1,1,2014
607,2014-01-07,1,1,2014
608,2014-01-06,1,1,2014
609,2014-01-05,1,1,2014
610,2014-01-04,1,1,2014
611,2014-01-03,1,1,2014
612,2014-01-02,1,1,2014
613,2014-01-01,1,1,2014
614,2015-01-31,1,1,2015
615,2015-01-30,1,1,2015
616,2015-01-29,1,1,2015
617,2015-01-28,1,1,2015
618,2015-01-27,1,1,2015
619,2015-01-26,1,1,2015
620,2015-01-25,1,1,2015
621,2015-01-24,1,1,2015
622,2015-01-23,1,1,2015
623,2015-01-22,1,1,2015
624,2015-01-21,1,1,2015
625,2015-01-20,1,1,2015
626,2015-01-19,1,1,2015
627,2015-01-18,1,1,2015
628,2015-01-17,1,1,2015
629,2015-01-16,1,1,2015
630,2015-01-15,1,1,2015
631,2015-01-14,1,1,2015
632,2015-01-13,1,1,2015
633,2015-01-12,1,1,2015
634,2015-01-11,1,1,2015
635,2015-01-10,1,1,2015
636,2015-01-09,1,1,2015
637,2015-01-08,1,1,2015
638,2015-01-07,1,1,2015
639,2015-01-06,1,1,2015
640,2015-01-05,1,1,2015
641,2015-01-04,1,1,2015
642,2015-01-03,1,1,2015
643,2015-01-02,1,1,2015
644,2015-01-01,1,1,2015
645,2016-01-31,1,1,2016
646,2016-01-30,1,1,2016
647,2016-01-29,1,1,2016
648,2016-01-28,1,1,2016
649,2016-01-27,1,1,2016
650,2016-01-26,1,1,2016
651,2016-01-25,1,1,2016
652,2016-01-24,1,1,2016
653,2016-01-23,1,1,2016
654,2016-01-22,1,1,2016
655,2016-01-21,1,1,2016
656,2016-01-20,1,1,2016
657,2016-01-19,1,1,2016
658,2016-01-18,1,1,2016
659,2016-01-17,1,1,2016
660,2016-01-16,1,1,2016
661,2016-01-15,1,1,2016
662,2016-01-14,1,1,2016
663,2016-01-13,1,1,2016
664,2016-01-12,1,1,2016
665,2016-01-11,1,1,2016
666,2016-01-10,1,1,2016
667,2016-01-09,1,1,2016
668,2016-01-08,1,1,2016
669,2016-01-07,1,1,2016
670,2016-01-06,1,1,2016
671,2016-01-05,1,1,2016
672,2016-01-04,1,1,2016
673,2016-01-03,1,1,2016
674,2016-01-02,1,1,2016
675,2016-01-01,1,1,2016
676,2017-01-31,1,1,2017
677,2017-01-30,1,1,2017
678,2017-01-29,1,1,2017
679,2017-01-28,1,1,2017
680,2017-01-27,1,1,2017
681,2017-01-26,1,1,2017
682,2017-01-25,1,1,2017
683,2017-01-24,1,1,2017
684,2017-01-23,1,1,2017
685,2017-01-22,1,1,2017
686,2017-01-21,1,1,2017
687,2017-01-20,1,1,2017
688,2017-01-19,1,1,2017
689,2017-01-18,1,1,2017
690,2017-01-17,1,1,2017
691,2017-01-16,1,1,2017
692,2017-01-15,1,1,2017
693,2017-01-14,1,1,2017
694,2017-01-13,1,1,2017
695,2017-01-12,1,1,2017
696,2017-01-11,1,1,2017
697,2017-01-10,1,1,2017
698,2017-01-09,1,1,2017
699,2017-01-08,1,1,2017
700,2017-01-07,1,1,2017
701,2017-01-06,1,1,2017
702,2017-01-05,1,1,2017
703,2017-01-04,1,1,2017
704,2017-01-03,1,1,2017
705,2017-01-02,1,1,2017
706,2017-01-01,1,1,2017
707,2009-11-30,11,4,2009
708,2009-11-29,11,4,2009
709,2009-11-28,11,4,2009
710,2009-11-27,11,4,2009
711,2009-11-26,11,4,2009
712,2009-11-25,11,4,2009
713,2009-11-24,11,4,2009
714,2009-11-23,11,4,2009
715,2009-11-22,11,4,2009
716,2009-11-21,11,4,2009
717,2009-11-20,11,4,2009
718,2009-11-19,11,4,2009
719,2009-11-18,11,4,2009
720,2009-11-17,11,4,2009
721,2009-11-16,11,4,2009
722,2009-11-15,11,4,2009
723,2009-11-14,11,4,2009
724,2009-11-13,11,4,2009
725,2009-11-12,11,4,2009
726,2009-11-11,11,4,2009
727,2009-11-10,11,4,2009
728,2009-11-09,11,4,2009
729,2009-11-08,11,4,2009
730,2009-11-07,11,4,2009
731,2009-11-06,11,4,2009
732,2009-11-05,11,4,2009
733,2009-11-04,11,4,2009
734,2009-11-03,11,4,2009
735,2009-11-02,11,4,2009
736,2009-11-01,11,4,2009
737,2010-12-31,12,4,2010
738,2010-12-30,12,4,2010
739,2010-12-29,12,4,2010
740,2010-12-28,12,4,2010
741,2010-12-27,12,4,2010
742,2010-12-26,12,4,2010
743,2010-12-25,12,4,2010
744,2010-12-24,12,4,2010
745,2010-12-23,12,4,2010
746,2010-12-22,12,4,2010
747,2010-12-21,12,4,2010
748,2010-12-20,12,4,2010
749,2010-12-19,12,4,2010
750,2010-12-18,12,4,2010
751,2010-12-17,12,4,2010
752,2010-12-16,12,4,2010
753,2010-12-15,12,4,2010
754,2010-12-14,12,4,2010
755,2010-12-13,12,4,2010
756,2010-12-12,12,4,2010
757,2010-12-11,12,4,2010
758,2010-12-10,12,4,2010
759,2010-12-09,12,4,2010
760,2010-12-08,12,4,2010
761,2010-12-07,12,4,2010
762,2010-12-06,12,4,2010
763,2010-12-05,12,4,2010
764,2010-12-04,12,4,2010
765,2010-12-03,12,4,2010
766,2010-12-02,12,4,2010
767,2010-12-01,12,4,2010
768,2011-12-31,12,4,2011
769,2011-12-30,12,4,2011
770,2011-12-29,12,4,2011
771,2011-12-28,12,4,2011
772,2011-12-27,12,4,2011
773,2011-12-26,12,4,2011
774,2011-12-25,12,4,2011
775,2011-12-24,12,4,2011
776,2011-12-23,12,4,2011
777,2011-12-22,12,4,2011
778,2011-12-21,12,4,2011
779,2011-12-20,12,4,2011
780,2011-12-19,12,4,2011
781,2011-12-18,12,4,2011
782,2011-12-17,12,4,2011
783,2011-12-16,12,4,2011
784,2011-12-15,12,4,2011
785,2011-12-14,12,4,2011
786,2011-12-13,12,4,2011
787,2011-12-12,12,4,2011
788,2011-12-11,12,4,2011
789,2011-12-10,12,4,2011
790,2011-12-09,12,4,2011
791,2011-12-08,12,4,2011
792,2011-12-07,12,4,2011
793,2011-12-06,12,4,2011
794,2011-12-05,12,4,2011
795,2011-12-04,12,4,2011
796,2011-12-03,12,4,2011
797,2011-12-02,12,4,2011
798,2011-12-01,12,4,2011
799,2012-12-31,12,4,2012
800,2012-12-30,12,4,2012
801,2012-12-29,12,4,2012
802,2012-12-28,12,4,2012
803,2012-12-27,12,4,2012
804,2012-12-26,12,4,2012
805,2012-12-25,12,4,2012
806,2012-12-24,12,4,2012
807,2012-12-23,12,4,2012
808,2012-12-22,12,4,2012
809,2012-12-21,12,4,2012
810,2012-12-20,12,4,2012
811,2012-12-19,12,4,2012
812,2012-12-18,12,4,2012
813,2012-12-17,12,4,2012
814,2012-12-16,12,4,2012
815,2012-12-15,12,4,2012
816,2012-12-14,12,4,2012
817,2012-12-13,12,4,2012
818,2012-12-12,12,4,2012
819,2012-12-11,12,4,2012
820,2012-12-10,12,4,2012
821,2012-12-09,12,4,2012
822,2012-12-08,12,4,2012
823,2012-12-07,12,4,2012
824,2012-12-06,12,4,2012
825,2012-12-05,12,4,2012
826,2012-12-04,12,4,2012
827,2012-12-03,12,4,2012
828,2012-12-02,12,4,2012
829,2012-12-01,12,4,2012
830,2013-12-31,12,4,2013
831,2013-12-30,12,4,2013
832,2013-12-29,12,4,2013
833,2013-12-28,12,4,2013
834,2013-12-27,12,4,2013
835,2013-12-26,12,4,2013
836,2013-12-25,12,4,2013
837,2013-12-24,12,4,2013
838,2013-12-23,12,4,2013
839,2013-12-22,12,4,2013
840,2013-12-21,12,4,2013
841,2013-12-20,12,4,2013
842,2013-12-19,12,4,2013
843,2013-12-18,12,4,2013
844,2013-12-17,12,4,2013
845,2013-12-16,12,4,2013
846,2013-12-15,12,4,2013
847,2013-12-14,12,4,2013
848,2013-12-13,12,4,2013
849,2013-12-12,12,4,2013
850,2013-12-11,12,4,2013
851,2013-12-10,12,4,2013
852,2013-12-09,12,4,2013
853,2013-12-08,12,4,2013
854,2013-12-07,12,4,2013
855,2013-12-06,12,4,2013
856,2013-12-05,12,4,2013
857,2013-12-04,12,4,2013
858,2013-12-03,12,4,2013
859,2013-12-02,12,4,2013
860,2013-12-01,12,4,2013
861,2014-12-31,12,4,2014
862,2014-12-30,12,4,2014
863,2014-12-29,12,4,2014
864,2014-12-28,12,4,2014
865,2014-12-27,12,4,2014
866,2014-12-26,12,4,2014
867,2014-12-25,12,4,2014
868,2014-12-24,12,4,2014
869,2014-12-23,12,4,2014
870,2014-12-22,12,4,2014
871,2014-12-21,12,4,2014
872,2014-12-20,12,4,2014
873,2014-12-19,12,4,2014
874,2014-12-18,12,4,2014
875,2014-12-17,12,4,2014
876,2014-12-16,12,4,2014
877,2014-12-15,12,4,2014
878,2014-12-14,12,4,2014
879,2014-12-13,12,4,2014
880,2014-12-12,12,4,2014
881,2014-12-11,12,4,2014
882,2014-12-10,12,4,2014
883,2014-12-09,12,4,2014
884,2014-12-08,12,4,2014
885,2014-12-07,12,4,2014
886,2014-12-06,12,4,2014
887,2014-12-05,12,4,2014
888,2014-12-04,12,4,2014
889,2014-12-03,12,4,2014
890,2014-12-02,12,4,2014
891,2014-12-01,12,4,2014
892,2015-12-31,12,4,2015
893,2015-12-30,12,4,2015
894,2015-12-29,12,4,2015
895,2015-12-28,12,4,2015
896,2015-12-27,12,4,2015
897,2015-12-26,12,4,2015
898,2015-12-25,12,4,2015
899,2015-12-24,12,4,2015
900,2015-12-23,12,4,2015
901,2015-12-22,12,4,2015
902,2015-12-21,12,4,2015
903,2015-12-20,12,4,2015
904,2015-12-19,12,4,2015
905,2015-12-18,12,4,2015
906,2015-12-17,12,4,2015
907,2015-12-16,12,4,2015
908,2015-12-15,12,4,2015
909,2015-12-14,12,4,2015
910,2015-12-13,12,4,2015
911,2015-12-12,12,4,2015
912,2015-12-11,12,4,2015
913,2015-12-10,12,4,2015
914,2015-12-09,12,4,2015
915,2015-12-08,12,4,2015
916,2015-12-07,12,4,2015
917,2015-12-06,12,4,2015
918,2015-12-05,12,4,2015
919,2015-12-04,12,4,2015
920,2015-12-03,12,4,2015
921,2015-12-02,12,4,2015
922,2015-12-01,12,4,2015
923,2016-12-31,12,4,2016
924,2016-12-30,12,4,2016
925,2016-12-29,12,4,2016
926,2016-12-28,12,4,2016
927,2016-12-27,12,4,2016
928,2016-12-26,12,4,2016
929,2016-12-25,12,4,2016
930,2016-12-24,12,4,2016
931,2016-12-23,12,4,2016
932,2016-12-22,12,4,2016
933,2016-12-21,12,4,2016
934,2016-12-20,12,4,2016
935,2016-12-19,12,4,2016
936,2016-12-18,12,4,2016
937,2016-12-17,12,4,2016
938,2016-12-16,12,4,2016
939,2016-12-15,12,4,2016
940,2016-12-14,12,4,2016
941,2016-12-13,12,4,2016
942,2016-12-12,12,4,2016
943,2016-12-11,12,4,2016
944,2016-12-10,12,4,2016
945,2016-12-09,12,4,2016
946,2016-12-08,12,4,2016
947,2016-12-07,12,4,2016
948,2016-12-06,12,4,2016
949,2016-12-05,12,4,2016
950,2016-12-04,12,4,2016
951,2016-12-03,12,4,2016
952,2016-12-02,12,4,2016
953,2016-12-01,12,4,2016
954,2009-12-31,12,4,2009
955,2009-12-30,12,4,2009
956,2009-12-29,12,4,2009
957,2009-12-28,12,4,2009
958,2009-12-27,12,4,2009
959,2009-12-26,12,4,2009
960,2009-12-25,12,4,2009
961,2009-12-24,12,4,2009
962,2009-12-23,12,4,2009
963,2009-12-22,12,4,2009
964,2009-12-21,12,4,2009
965,2009-12-20,12,4,2009
966,2009-12-19,12,4,2009
967,2009-12-18,12,4,2009
968,2009-12-17,12,4,2009
969,2009-12-16,12,4,2009
970,2009-12-15,12,4,2009
971,2009-12-14,12,4,2009
972,2009-12-13,12,4,2009
973,2009-12-12,12,4,2009
974,2009-12-11,12,4,2009
975,2009-12-10,12,4,2009
976,2009-12-09,12,4,2009
977,2009-12-08,12,4,2009
978,2009-12-07,12,4,2009
979,2009-12-06,12,4,2009
980,2009-12-05,12,4,2009
981,2009-12-04,12,4,2009
982,2009-12-03,12,4,2009
983,2009-12-02,12,4,2009
984,2009-12-01,12,4,2009
985,2009-01-31,1,1,2009
986,2009-01-30,1,1,2009
987,2009-01-29,1,1,2009
988,2009-01-28,1,1,2009
989,2009-01-27,1,1,2009
990,2009-01-26,1,1,2009
991,2009-01-25,1,1,2009
992,2009-01-24,1,1,2009
993,2009-01-23,1,1,2009
994,2009-01-22,1,1,2009
995,2009-01-21,1,1,2009
996,2009-01-20,1,1,2009
997,2009-01-19,1,1,2009
998,2009-01-18,1,1,2009
999,2009-01-17,1,1,2009
1000,2009-01-16,1,1,2009
1001,2009-01-15,1,1,2009
1002,2009-01-14,1,1,2009
1003,2009-01-13,1,1,2009
1004,2009-01-12,1,1,2009
1005,2009-01-11,1,1,2009
1006,2009-01-10,1,1,2009
1007,2009-01-09,1,1,2009
1008,2009-01-08,1,1,2009
1009,2009-01-07,1,1,2009
1010,2009-01-06,1,1,2009
1011,2009-01-05,1,1,2009
1012,2009-01-04,1,1,2009
1013,2009-01-03,1,1,2009
1014,2009-01-02,1,1,2009
1015,2009-01-01,1,1,2009
1016,2010-02-28,2,1,2010
1017,2010-02-27,2,1,2010
1018,2010-02-26,2,1,2010
1019,2010-02-25,2,1,2010
1020,2010-02-24,2,1,2010
1021,2010-02-23,2,1,2010
1022,2010-02-22,2,1,2010
1023,2010-02-21,2,1,2010
1024,2010-02-20,2,1,2010
1025,2010-02-19,2,1,2010
1026,2010-02-18,2,1,2010
1027,2010-02-17,2,1,2010
1028,2010-02-16,2,1,2010
1029,2010-02-15,2,1,2010
1030,2010-02-14,2,1,2010
1031,2010-02-13,2,1,2010
1032,2010-02-12,2,1,2010
1033,2010-02-11,2,1,2010
1034,2010-02-10,2,1,2010
1035,2010-02-09,2,1,2010
1036,2010-02-08,2,1,2010
1037,2010-02-07,2,1,2010
1038,2010-02-06,2,1,2010
1039,2010-02-05,2,1,2010
1040,2010-02-04,2,1,2010
1041,2010-02-03,2,1,2010
1042,2010-02-02,2,1,2010
1043,2010-02-01,2,1,2010
1044,2011-02-28,2,1,2011
1045,2011-02-27,2,1,2011
1046,2011-02-26,2,1,2011
1047,2011-02-25,2,1,2011
1048,2011-02-24,2,1,2011
1049,2011-02-23,2,1,2011
1050,2011-02-22,2,1,2011
1051,2011-02-21,2,1,2011
1052,2011-02-20,2,1,2011
1053,2011-02-19,2,1,2011
1054,2011-02-18,2,1,2011
1055,2011-02-17,2,1,2011
1056,2011-02-16,2,1,2011
1057,2011-02-15,2,1,2011
1058,2011-02-14,2,1,2011
1059,2011-02-13,2,1,2011
1060,2011-02-12,2,1,2011
1061,2011-02-11,2,1,2011
1062,2011-02-10,2,1,2011
1063,2011-02-09,2,1,2011
1064,2011-02-08,2,1,2011
1065,2011-02-07,2,1,2011
1066,2011-02-06,2,1,2011
1067,2011-02-05,2,1,2011
1068,2011-02-04,2,1,2011
1069,2011-02-03,2,1,2011
1070,2011-02-02,2,1,2011
1071,2011-02-01,2,1,2011
1072,2012-02-29,2,1,2012
1073,2012-02-28,2,1,2012
1074,2012-02-27,2,1,2012
1075,2012-02-26,2,1,2012
1076,2012-02-25,2,1,2012
1077,2012-02-24,2,1,2012
1078,2012-02-23,2,1,2012
1079,2012-02-22,2,1,2012
1080,2012-02-21,2,1,2012
1081,2012-02-20,2,1,2012
1082,2012-02-19,2,1,2012
1083,2012-02-18,2,1,2012
1084,2012-02-17,2,1,2012
1085,2012-02-16,2,1,2012
1086,2012-02-15,2,1,2012
1087,2012-02-14,2,1,2012
1088,2012-02-13,2,1,2012
1089,2012-02-12,2,1,2012
1090,2012-02-11,2,1,2012
1091,2012-02-10,2,1,2012
1092,2012-02-09,2,1,2012
1093,2012-02-08,2,1,2012
1094,2012-02-07,2,1,2012
1095,2012-02-06,2,1,2012
1096,2012-02-05,2,1,2012
1097,2012-02-04,2,1,2012
1098,2012-02-03,2,1,2012
1099,2012-02-02,2,1,2012
1100,2012-02-01,2,1,2012
1101,2013-02-28,2,1,2013
1102,2013-02-27,2,1,2013
1103,2013-02-26,2,1,2013
1104,2013-02-25,2,1,2013
1105,2013-02-24,2,1,2013
1106,2013-02-23,2,1,2013
1107,2013-02-22,2,1,2013
1108,2013-02-21,2,1,2013
1109,2013-02-20,2,1,2013
1110,2013-02-19,2,1,2013
1111,2013-02-18,2,1,2013
1112,2013-02-17,2,1,2013
1113,2013-02-16,2,1,2013
1114,2013-02-15,2,1,2013
1115,2013-02-14,2,1,2013
1116,2013-02-13,2,1,2013
1117,2013-02-12,2,1,2013
1118,2013-02-11,2,1,2013
1119,2013-02-10,2,1,2013
1120,2013-02-09,2,1,2013
1121,2013-02-08,2,1,2013
1122,2013-02-07,2,1,2013
1123,2013-02-06,2,1,2013
1124,2013-02-05,2,1,2013
1125,2013-02-04,2,1,2013
1126,2013-02-03,2,1,2013
1127,2013-02-02,2,1,2013
1128,2013-02-01,2,1,2013
1129,2014-02-28,2,1,2014
1130,2014-02-27,2,1,2014
1131,2014-02-26,2,1,2014
1132,2014-02-25,2,1,2014
1133,2014-02-24,2,1,2014
1134,2014-02-23,2,1,2014
1135,2014-02-22,2,1,2014
1136,2014-02-21,2,1,2014
1137,2014-02-20,2,1,2014
1138,2014-02-19,2,1,2014
1139,2014-02-18,2,1,2014
1140,2014-02-17,2,1,2014
1141,2014-02-16,2,1,2014
1142,2014-02-15,2,1,2014
1143,2014-02-14,2,1,2014
1144,2014-02-13,2,1,2014
1145,2014-02-12,2,1,2014
1146,2014-02-11,2,1,2014
1147,2014-02-10,2,1,2014
1148,2014-02-09,2,1,2014
1149,2014-02-08,2,1,2014
1150,2014-02-07,2,1,2014
1151,2014-02-06,2,1,2014
1152,2014-02-05,2,1,2014
1153,2014-02-04,2,1,2014
1154,2014-02-03,2,1,2014
1155,2014-02-02,2,1,2014
1156,2014-02-01,2,1,2014
1157,2015-02-28,2,1,2015
1158,2015-02-27,2,1,2015
1159,2015-02-26,2,1,2015
1160,2015-02-25,2,1,2015
1161,2015-02-24,2,1,2015
1162,2015-02-23,2,1,2015
1163,2015-02-22,2,1,2015
1164,2015-02-21,2,1,2015
1165,2015-02-20,2,1,2015
1166,2015-02-19,2,1,2015
1167,2015-02-18,2,1,2015
1168,2015-02-17,2,1,2015
1169,2015-02-16,2,1,2015
1170,2015-02-15,2,1,2015
1171,2015-02-14,2,1,2015
1172,2015-02-13,2,1,2015
1173,2015-02-12,2,1,2015
1174,2015-02-11,2,1,2015
1175,2015-02-10,2,1,2015
1176,2015-02-09,2,1,2015
1177,2015-02-08,2,1,2015
1178,2015-02-07,2,1,2015
1179,2015-02-06,2,1,2015
1180,2015-02-05,2,1,2015
1181,2015-02-04,2,1,2015
1182,2015-02-03,2,1,2015
1183,2015-02-02,2,1,2015
1184,2015-02-01,2,1,2015
1185,2016-02-29,2,1,2016
1186,2016-02-28,2,1,2016
1187,2016-02-27,2,1,2016
1188,2016-02-26,2,1,2016
1189,2016-02-25,2,1,2016
1190,2016-02-24,2,1,2016
1191,2016-02-23,2,1,2016
1192,2016-02-22,2,1,2016
1193,2016-02-21,2,1,2016
1194,2016-02-20,2,1,2016
1195,2016-02-19,2,1,2016
1196,2016-02-18,2,1,2016
1197,2016-02-17,2,1,2016
1198,2016-02-16,2,1,2016
1199,2016-02-15,2,1,2016
1200,2016-02-14,2,1,2016
1201,2016-02-13,2,1,2016
1202,2016-02-12,2,1,2016
1203,2016-02-11,2,1,2016
1204,2016-02-10,2,1,2016
1205,2016-02-09,2,1,2016
1206,2016-02-08,2,1,2016
1207,2016-02-07,2,1,2016
1208,2016-02-06,2,1,2016
1209,2016-02-05,2,1,2016
1210,2016-02-04,2,1,2016
1211,2016-02-03,2,1,2016
1212,2016-02-02,2,1,2016
1213,2016-02-01,2,1,2016
1214,2017-02-28,2,1,2017
1215,2017-02-27,2,1,2017
1216,2017-02-26,2,1,2017
1217,2017-02-25,2,1,2017
1218,2017-02-24,2,1,2017
1219,2017-02-23,2,1,2017
1220,2017-02-22,2,1,2017
1221,2017-02-21,2,1,2017
1222,2017-02-20,2,1,2017
1223,2017-02-19,2,1,2017
1224,2017-02-18,2,1,2017
1225,2017-02-17,2,1,2017
1226,2017-02-16,2,1,2017
1227,2017-02-15,2,1,2017
1228,2017-02-14,2,1,2017
1229,2017-02-13,2,1,2017
1230,2017-02-12,2,1,2017
1231,2017-02-11,2,1,2017
1232,2017-02-10,2,1,2017
1233,2017-02-09,2,1,2017
1234,2017-02-08,2,1,2017
1235,2017-02-07,2,1,2017
1236,2017-02-06,2,1,2017
1237,2017-02-05,2,1,2017
1238,2017-02-04,2,1,2017
1239,2017-02-03,2,1,2017
1240,2017-02-02,2,1,2017
1241,2017-02-01,2,1,2017
1242,2009-02-28,2,1,2009
1243,2009-02-27,2,1,2009
1244,2009-02-26,2,1,2009
1245,2009-02-25,2,1,2009
1246,2009-02-24,2,1,2009
1247,2009-02-23,2,1,2009
1248,2009-02-22,2,1,2009
1249,2009-02-21,2,1,2009
1250,2009-02-20,2,1,2009
1251,2009-02-19,2,1,2009
1252,2009-02-18,2,1,2009
1253,2009-02-17,2,1,2009
1254,2009-02-16,2,1,2009
1255,2009-02-15,2,1,2009
1256,2009-02-14,2,1,2009
1257,2009-02-13,2,1,2009
1258,2009-02-12,2,1,2009
1259,2009-02-11,2,1,2009
1260,2009-02-10,2,1,2009
1261,2009-02-09,2,1,2009
1262,2009-02-08,2,1,2009
1263,2009-02-07,2,1,2009
1264,2009-02-06,2,1,2009
1265,2009-02-05,2,1,2009
1266,2009-02-04,2,1,2009
1267,2009-02-03,2,1,2009
1268,2009-02-02,2,1,2009
1269,2009-02-01,2,1,2009
1270,2010-03-31,3,1,2010
1271,2010-03-30,3,1,2010
1272,2010-03-29,3,1,2010
1273,2010-03-28,3,1,2010
1274,2010-03-27,3,1,2010
1275,2010-03-26,3,1,2010
1276,2010-03-25,3,1,2010
1277,2010-03-24,3,1,2010
1278,2010-03-23,3,1,2010
1279,2010-03-22,3,1,2010
1280,2010-03-21,3,1,2010
1281,2010-03-20,3,1,2010
1282,2010-03-19,3,1,2010
1283,2010-03-18,3,1,2010
1284,2010-03-17,3,1,2010
1285,2010-03-16,3,1,2010
1286,2010-03-15,3,1,2010
1287,2010-03-14,3,1,2010
1288,2010-03-13,3,1,2010
1289,2010-03-12,3,1,2010
1290,2010-03-11,3,1,2010
1291,2010-03-10,3,1,2010
1292,2010-03-09,3,1,2010
1293,2010-03-08,3,1,2010
1294,2010-03-07,3,1,2010
1295,2010-03-06,3,1,2010
1296,2010-03-05,3,1,2010
1297,2010-03-04,3,1,2010
1298,2010-03-03,3,1,2010
1299,2010-03-02,3,1,2010
1300,2010-03-01,3,1,2010
1301,2011-03-31,3,1,2011
1302,2011-03-30,3,1,2011
1303,2011-03-29,3,1,2011
1304,2011-03-28,3,1,2011
1305,2011-03-27,3,1,2011
1306,2011-03-26,3,1,2011
1307,2011-03-25,3,1,2011
1308,2011-03-24,3,1,2011
1309,2011-03-23,3,1,2011
1310,2011-03-22,3,1,2011
1311,2011-03-21,3,1,2011
1312,2011-03-20,3,1,2011
1313,2011-03-19,3,1,2011
1314,2011-03-18,3,1,2011
1315,2011-03-17,3,1,2011
1316,2011-03-16,3,1,2011
1317,2011-03-15,3,1,2011
1318,2011-03-14,3,1,2011
1319,2011-03-13,3,1,2011
1320,2011-03-12,3,1,2011
1321,2011-03-11,3,1,2011
1322,2011-03-10,3,1,2011
1323,2011-03-09,3,1,2011
1324,2011-03-08,3,1,2011
1325,2011-03-07,3,1,2011
1326,2011-03-06,3,1,2011
1327,2011-03-05,3,1,2011
1328,2011-03-04,3,1,2011
1329,2011-03-03,3,1,2011
1330,2011-03-02,3,1,2011
1331,2011-03-01,3,1,2011
1332,2012-03-31,3,1,2012
1333,2012-03-30,3,1,2012
1334,2012-03-29,3,1,2012
1335,2012-03-28,3,1,2012
1336,2012-03-27,3,1,2012
1337,2012-03-26,3,1,2012
1338,2012-03-25,3,1,2012
1339,2012-03-24,3,1,2012
1340,2012-03-23,3,1,2012
1341,2012-03-22,3,1,2012
1342,2012-03-21,3,1,2012
1343,2012-03-20,3,1,2012
1344,2012-03-19,3,1,2012
1345,2012-03-18,3,1,2012
1346,2012-03-17,3,1,2012
1347,2012-03-16,3,1,2012
1348,2012-03-15,3,1,2012
1349,2012-03-14,3,1,2012
1350,2012-03-13,3,1,2012
1351,2012-03-12,3,1,2012
1352,2012-03-11,3,1,2012
1353,2012-03-10,3,1,2012
1354,2012-03-09,3,1,2012
1355,2012-03-08,3,1,2012
1356,2012-03-07,3,1,2012
1357,2012-03-06,3,1,2012
1358,2012-03-05,3,1,2012
1359,2012-03-04,3,1,2012
1360,2012-03-03,3,1,2012
1361,2012-03-02,3,1,2012
1362,2012-03-01,3,1,2012
1363,2013-03-31,3,1,2013
1364,2013-03-30,3,1,2013
1365,2013-03-29,3,1,2013
1366,2013-03-28,3,1,2013
1367,2013-03-27,3,1,2013
1368,2013-03-26,3,1,2013
1369,2013-03-25,3,1,2013
1370,2013-03-24,3,1,2013
1371,2013-03-23,3,1,2013
1372,2013-03-22,3,1,2013
1373,2013-03-21,3,1,2013
1374,2013-03-20,3,1,2013
1375,2013-03-19,3,1,2013
1376,2013-03-18,3,1,2013
1377,2013-03-17,3,1,2013
1378,2013-03-16,3,1,2013
1379,2013-03-15,3,1,2013
1380,2013-03-14,3,1,2013
1381,2013-03-13,3,1,2013
1382,2013-03-12,3,1,2013
1383,2013-03-11,3,1,2013
1384,2013-03-10,3,1,2013
1385,2013-03-09,3,1,2013
1386,2013-03-08,3,1,2013
1387,2013-03-07,3,1,2013
1388,2013-03-06,3,1,2013
1389,2013-03-05,3,1,2013
1390,2013-03-04,3,1,2013
1391,2013-03-03,3,1,2013
1392,2013-03-02,3,1,2013
1393,2013-03-01,3,1,2013
1394,2014-03-31,3,1,2014
1395,2014-03-30,3,1,2014
1396,2014-03-29,3,1,2014
1397,2014-03-28,3,1,2014
1398,2014-03-27,3,1,2014
1399,2014-03-26,3,1,2014
1400,2014-03-25,3,1,2014
1401,2014-03-24,3,1,2014
1402,2014-03-23,3,1,2014
1403,2014-03-22,3,1,2014
1404,2014-03-21,3,1,2014
1405,2014-03-20,3,1,2014
1406,2014-03-19,3,1,2014
1407,2014-03-18,3,1,2014
1408,2014-03-17,3,1,2014
1409,2014-03-16,3,1,2014
1410,2014-03-15,3,1,2014
1411,2014-03-14,3,1,2014
1412,2014-03-13,3,1,2014
1413,2014-03-12,3,1,2014
1414,2014-03-11,3,1,2014
1415,2014-03-10,3,1,2014
1416,2014-03-09,3,1,2014
1417,2014-03-08,3,1,2014
1418,2014-03-07,3,1,2014
1419,2014-03-06,3,1,2014
1420,2014-03-05,3,1,2014
1421,2014-03-04,3,1,2014
1422,2014-03-03,3,1,2014
1423,2014-03-02,3,1,2014
1424,2014-03-01,3,1,2014
1425,2015-03-31,3,1,2015
1426,2015-03-30,3,1,2015
1427,2015-03-29,3,1,2015
1428,2015-03-28,3,1,2015
1429,2015-03-27,3,1,2015
1430,2015-03-26,3,1,2015
1431,2015-03-25,3,1,2015
1432,2015-03-24,3,1,2015
1433,2015-03-23,3,1,2015
1434,2015-03-22,3,1,2015
1435,2015-03-21,3,1,2015
1436,2015-03-20,3,1,2015
1437,2015-03-19,3,1,2015
1438,2015-03-18,3,1,2015
1439,2015-03-17,3,1,2015
1440,2015-03-16,3,1,2015
1441,2015-03-15,3,1,2015
1442,2015-03-14,3,1,2015
1443,2015-03-13,3,1,2015
1444,2015-03-12,3,1,2015
1445,2015-03-11,3,1,2015
1446,2015-03-10,3,1,2015
1447,2015-03-09,3,1,2015
1448,2015-03-08,3,1,2015
1449,2015-03-07,3,1,2015
1450,2015-03-06,3,1,2015
1451,2015-03-05,3,1,2015
1452,2015-03-04,3,1,2015
1453,2015-03-03,3,1,2015
1454,2015-03-02,3,1,2015
1455,2015-03-01,3,1,2015
1456,2016-03-31,3,1,2016
1457,2016-03-30,3,1,2016
1458,2016-03-29,3,1,2016
1459,2016-03-28,3,1,2016
1460,2016-03-27,3,1,2016
1461,2016-03-26,3,1,2016
1462,2016-03-25,3,1,2016
1463,2016-03-24,3,1,2016
1464,2016-03-23,3,1,2016
1465,2016-03-22,3,1,2016
1466,2016-03-21,3,1,2016
1467,2016-03-20,3,1,2016
1468,2016-03-19,3,1,2016
1469,2016-03-18,3,1,2016
1470,2016-03-17,3,1,2016
1471,2016-03-16,3,1,2016
1472,2016-03-15,3,1,2016
1473,2016-03-14,3,1,2016
1474,2016-03-13,3,1,2016
1475,2016-03-12,3,1,2016
1476,2016-03-11,3,1,2016
1477,2016-03-10,3,1,2016
1478,2016-03-09,3,1,2016
1479,2016-03-08,3,1,2016
1480,2016-03-07,3,1,2016
1481,2016-03-06,3,1,2016
1482,2016-03-05,3,1,2016
1483,2016-03-04,3,1,2016
1484,2016-03-03,3,1,2016
1485,2016-03-02,3,1,2016
1486,2016-03-01,3,1,2016
1487,2009-03-31,3,1,2009
1488,2009-03-30,3,1,2009
1489,2009-03-29,3,1,2009
1490,2009-03-28,3,1,2009
1491,2009-03-27,3,1,2009
1492,2009-03-26,3,1,2009
1493,2009-03-25,3,1,2009
1494,2009-03-24,3,1,2009
1495,2009-03-23,3,1,2009
1496,2009-03-22,3,1,2009
1497,2009-03-21,3,1,2009
1498,2009-03-20,3,1,2009
1499,2009-03-19,3,1,2009
1500,2009-03-18,3,1,2009
1501,2009-03-17,3,1,2009
1502,2009-03-16,3,1,2009
1503,2009-03-15,3,1,2009
1504,2009-03-14,3,1,2009
1505,2009-03-13,3,1,2009
1506,2009-03-12,3,1,2009
1507,2009-03-11,3,1,2009
1508,2009-03-10,3,1,2009
1509,2009-03-09,3,1,2009
1510,2009-03-08,3,1,2009
1511,2009-03-07,3,1,2009
1512,2009-03-06,3,1,2009
1513,2009-03-05,3,1,2009
1514,2009-03-04,3,1,2009
1515,2009-03-03,3,1,2009
1516,2009-03-02,3,1,2009
1517,2009-03-01,3,1,2009
1518,2010-04-30,4,2,2010
1519,2010-04-29,4,2,2010
1520,2010-04-28,4,2,2010
1521,2010-04-27,4,2,2010
1522,2010-04-26,4,2,2010
1523,2010-04-25,4,2,2010
1524,2010-04-24,4,2,2010
1525,2010-04-23,4,2,2010
1526,2010-04-22,4,2,2010
1527,2010-04-21,4,2,2010
1528,2010-04-20,4,2,2010
1529,2010-04-19,4,2,2010
1530,2010-04-18,4,2,2010
1531,2010-04-17,4,2,2010
1532,2010-04-16,4,2,2010
1533,2010-04-15,4,2,2010
1534,2010-04-14,4,2,2010
1535,2010-04-13,4,2,2010
1536,2010-04-12,4,2,2010
1537,2010-04-11,4,2,2010
1538,2010-04-10,4,2,2010
1539,2010-04-09,4,2,2010
1540,2010-04-08,4,2,2010
1541,2010-04-07,4,2,2010
1542,2010-04-06,4,2,2010
1543,2010-04-05,4,2,2010
1544,2010-04-04,4,2,2010
1545,2010-04-03,4,2,2010
1546,2010-04-02,4,2,2010
1547,2010-04-01,4,2,2010
1548,2011-04-30,4,2,2011
1549,2011-04-29,4,2,2011
1550,2011-04-28,4,2,2011
1551,2011-04-27,4,2,2011
1552,2011-04-26,4,2,2011
1553,2011-04-25,4,2,2011
1554,2011-04-24,4,2,2011
1555,2011-04-23,4,2,2011
1556,2011-04-22,4,2,2011
1557,2011-04-21,4,2,2011
1558,2011-04-20,4,2,2011
1559,2011-04-19,4,2,2011
1560,2011-04-18,4,2,2011
1561,2011-04-17,4,2,2011
1562,2011-04-16,4,2,2011
1563,2011-04-15,4,2,2011
1564,2011-04-14,4,2,2011
1565,2011-04-13,4,2,2011
1566,2011-04-12,4,2,2011
1567,2011-04-11,4,2,2011
1568,2011-04-10,4,2,2011
1569,2011-04-09,4,2,2011
1570,2011-04-08,4,2,2011
1571,2011-04-07,4,2,2011
1572,2011-04-06,4,2,2011
1573,2011-04-05,4,2,2011
1574,2011-04-04,4,2,2011
1575,2011-04-03,4,2,2011
1576,2011-04-02,4,2,2011
1577,2011-04-01,4,2,2011
1578,2012-04-30,4,2,2012
1579,2012-04-29,4,2,2012
1580,2012-04-28,4,2,2012
1581,2012-04-27,4,2,2012
1582,2012-04-26,4,2,2012
1583,2012-04-25,4,2,2012
1584,2012-04-24,4,2,2012
1585,2012-04-23,4,2,2012
1586,2012-04-22,4,2,2012
1587,2012-04-21,4,2,2012
1588,2012-04-20,4,2,2012
1589,2012-04-19,4,2,2012
1590,2012-04-18,4,2,2012
1591,2012-04-17,4,2,2012
1592,2012-04-16,4,2,2012
1593,2012-04-15,4,2,2012
1594,2012-04-14,4,2,2012
1595,2012-04-13,4,2,2012
1596,2012-04-12,4,2,2012
1597,2012-04-11,4,2,2012
1598,2012-04-10,4,2,2012
1599,2012-04-09,4,2,2012
1600,2012-04-08,4,2,2012
1601,2012-04-07,4,2,2012
1602,2012-04-06,4,2,2012
1603,2012-04-05,4,2,2012
1604,2012-04-04,4,2,2012
1605,2012-04-03,4,2,2012
1606,2012-04-02,4,2,2012
1607,2012-04-01,4,2,2012
1608,2013-04-30,4,2,2013
1609,2013-04-29,4,2,2013
1610,2013-04-28,4,2,2013
1611,2013-04-27,4,2,2013
1612,2013-04-26,4,2,2013
1613,2013-04-25,4,2,2013
1614,2013-04-24,4,2,2013
1615,2013-04-23,4,2,2013
1616,2013-04-22,4,2,2013
1617,2013-04-21,4,2,2013
1618,2013-04-20,4,2,2013
1619,2013-04-19,4,2,2013
1620,2013-04-18,4,2,2013
1621,2013-04-17,4,2,2013
1622,2013-04-16,4,2,2013
1623,2013-04-15,4,2,2013
1624,2013-04-14,4,2,2013
1625,2013-04-13,4,2,2013
1626,2013-04-12,4,2,2013
1627,2013-04-11,4,2,2013
1628,2013-04-10,4,2,2013
1629,2013-04-09,4,2,2013
1630,2013-04-08,4,2,2013
1631,2013-04-07,4,2,2013
1632,2013-04-06,4,2,2013
1633,2013-04-05,4,2,2013
1634,2013-04-04,4,2,2013
1635,2013-04-03,4,2,2013
1636,2013-04-02,4,2,2013
1637,2013-04-01,4,2,2013
1638,2014-04-30,4,2,2014
1639,2014-04-29,4,2,2014
1640,2014-04-28,4,2,2014
1641,2014-04-27,4,2,2014
1642,2014-04-26,4,2,2014
1643,2014-04-25,4,2,2014
1644,2014-04-24,4,2,2014
1645,2014-04-23,4,2,2014
1646,2014-04-22,4,2,2014
1647,2014-04-21,4,2,2014
1648,2014-04-20,4,2,2014
1649,2014-04-19,4,2,2014
1650,2014-04-18,4,2,2014
1651,2014-04-17,4,2,2014
1652,2014-04-16,4,2,2014
1653,2014-04-15,4,2,2014
1654,2014-04-14,4,2,2014
1655,2014-04-13,4,2,2014
1656,2014-04-12,4,2,2014
1657,2014-04-11,4,2,2014
1658,2014-04-10,4,2,2014
1659,2014-04-09,4,2,2014
1660,2014-04-08,4,2,2014
1661,2014-04-07,4,2,2014
1662,2014-04-06,4,2,2014
1663,2014-04-05,4,2,2014
1664,2014-04-04,4,2,2014
1665,2014-04-03,4,2,2014
1666,2014-04-02,4,2,2014
1667,2014-04-01,4,2,2014
1668,2015-04-30,4,2,2015
1669,2015-04-29,4,2,2015
1670,2015-04-28,4,2,2015
1671,2015-04-27,4,2,2015
1672,2015-04-26,4,2,2015
1673,2015-04-25,4,2,2015
1674,2015-04-24,4,2,2015
1675,2015-04-23,4,2,2015
1676,2015-04-22,4,2,2015
1677,2015-04-21,4,2,2015
1678,2015-04-20,4,2,2015
1679,2015-04-19,4,2,2015
1680,2015-04-18,4,2,2015
1681,2015-04-17,4,2,2015
1682,2015-04-16,4,2,2015
1683,2015-04-15,4,2,2015
1684,2015-04-14,4,2,2015
1685,2015-04-13,4,2,2015
1686,2015-04-12,4,2,2015
1687,2015-04-11,4,2,2015
1688,2015-04-10,4,2,2015
1689,2015-04-09,4,2,2015
1690,2015-04-08,4,2,2015
1691,2015-04-07,4,2,2015
1692,2015-04-06,4,2,2015
1693,2015-04-05,4,2,2015
1694,2015-04-04,4,2,2015
1695,2015-04-03,4,2,2015
1696,2015-04-02,4,2,2015
1697,2015-04-01,4,2,2015
1698,2016-04-30,4,2,2016
1699,2016-04-29,4,2,2016
1700,2016-04-28,4,2,2016
1701,2016-04-27,4,2,2016
1702,2016-04-26,4,2,2016
1703,2016-04-25,4,2,2016
1704,2016-04-24,4,2,2016
1705,2016-04-23,4,2,2016
1706,2016-04-22,4,2,2016
1707,2016-04-21,4,2,2016
1708,2016-04-20,4,2,2016
1709,2016-04-19,4,2,2016
1710,2016-04-18,4,2,2016
1711,2016-04-17,4,2,2016
1712,2016-04-16,4,2,2016
1713,2016-04-15,4,2,2016
1714,2016-04-14,4,2,2016
1715,2016-04-13,4,2,2016
1716,2016-04-12,4,2,2016
1717,2016-04-11,4,2,2016
1718,2016-04-10,4,2,2016
1719,2016-04-09,4,2,2016
1720,2016-04-08,4,2,2016
1721,2016-04-07,4,2,2016
1722,2016-04-06,4,2,2016
1723,2016-04-05,4,2,2016
1724,2016-04-04,4,2,2016
1725,2016-04-03,4,2,2016
1726,2016-04-02,4,2,2016
1727,2016-04-01,4,2,2016
1728,2009-04-30,4,2,2009
1729,2009-04-29,4,2,2009
1730,2009-04-28,4,2,2009
1731,2009-04-27,4,2,2009
1732,2009-04-26,4,2,2009
1733,2009-04-25,4,2,2009
1734,2009-04-24,4,2,2009
1735,2009-04-23,4,2,2009
1736,2009-04-22,4,2,2009
1737,2009-04-21,4,2,2009
1738,2009-04-20,4,2,2009
1739,2009-04-19,4,2,2009
1740,2009-04-18,4,2,2009
1741,2009-04-17,4,2,2009
1742,2009-04-16,4,2,2009
1743,2009-04-15,4,2,2009
1744,2009-04-14,4,2,2009
1745,2009-04-13,4,2,2009
1746,2009-04-12,4,2,2009
1747,2009-04-11,4,2,2009
1748,2009-04-10,4,2,2009
1749,2009-04-09,4,2,2009
1750,2009-04-08,4,2,2009
1751,2009-04-07,4,2,2009
1752,2009-04-06,4,2,2009
1753,2009-04-05,4,2,2009
1754,2009-04-04,4,2,2009
1755,2009-04-03,4,2,2009
1756,2009-04-02,4,2,2009
1757,2009-04-01,4,2,2009
1758,2010-05-31,5,2,2010
1759,2010-05-30,5,2,2010
1760,2010-05-29,5,2,2010
1761,2010-05-28,5,2,2010
1762,2010-05-27,5,2,2010
1763,2010-05-26,5,2,2010
1764,2010-05-25,5,2,2010
1765,2010-05-24,5,2,2010
1766,2010-05-23,5,2,2010
1767,2010-05-22,5,2,2010
1768,2010-05-21,5,2,2010
1769,2010-05-20,5,2,2010
1770,2010-05-19,5,2,2010
1771,2010-05-18,5,2,2010
1772,2010-05-17,5,2,2010
1773,2010-05-16,5,2,2010
1774,2010-05-15,5,2,2010
1775,2010-05-14,5,2,2010
1776,2010-05-13,5,2,2010
1777,2010-05-12,5,2,2010
1778,2010-05-11,5,2,2010
1779,2010-05-10,5,2,2010
1780,2010-05-09,5,2,2010
1781,2010-05-08,5,2,2010
1782,2010-05-07,5,2,2010
1783,2010-05-06,5,2,2010
1784,2010-05-05,5,2,2010
1785,2010-05-04,5,2,2010
1786,2010-05-03,5,2,2010
1787,2010-05-02,5,2,2010
1788,2010-05-01,5,2,2010
1789,2011-05-31,5,2,2011
1790,2011-05-30,5,2,2011
1791,2011-05-29,5,2,2011
1792,2011-05-28,5,2,2011
1793,2011-05-27,5,2,2011
1794,2011-05-26,5,2,2011
1795,2011-05-25,5,2,2011
1796,2011-05-24,5,2,2011
1797,2011-05-23,5,2,2011
1798,2011-05-22,5,2,2011
1799,2011-05-21,5,2,2011
1800,2011-05-20,5,2,2011
1801,2011-05-19,5,2,2011
1802,2011-05-18,5,2,2011
1803,2011-05-17,5,2,2011
1804,2011-05-16,5,2,2011
1805,2011-05-15,5,2,2011
1806,2011-05-14,5,2,2011
1807,2011-05-13,5,2,2011
1808,2011-05-12,5,2,2011
1809,2011-05-11,5,2,2011
1810,2011-05-10,5,2,2011
1811,2011-05-09,5,2,2011
1812,2011-05-08,5,2,2011
1813,2011-05-07,5,2,2011
1814,2011-05-06,5,2,2011
1815,2011-05-05,5,2,2011
1816,2011-05-04,5,2,2011
1817,2011-05-03,5,2,2011
1818,2011-05-02,5,2,2011
1819,2011-05-01,5,2,2011
1820,2012-05-31,5,2,2012
1821,2012-05-30,5,2,2012
1822,2012-05-29,5,2,2012
1823,2012-05-28,5,2,2012
1824,2012-05-27,5,2,2012
1825,2012-05-26,5,2,2012
1826,2012-05-25,5,2,2012
1827,2012-05-24,5,2,2012
1828,2012-05-23,5,2,2012
1829,2012-05-22,5,2,2012
1830,2012-05-21,5,2,2012
1831,2012-05-20,5,2,2012
1832,2012-05-19,5,2,2012
1833,2012-05-18,5,2,2012
1834,2012-05-17,5,2,2012
1835,2012-05-16,5,2,2012
1836,2012-05-15,5,2,2012
1837,2012-05-14,5,2,2012
1838,2012-05-13,5,2,2012
1839,2012-05-12,5,2,2012
1840,2012-05-11,5,2,2012
1841,2012-05-10,5,2,2012
1842,2012-05-09,5,2,2012
1843,2012-05-08,5,2,2012
1844,2012-05-07,5,2,2012
1845,2012-05-06,5,2,2012
1846,2012-05-05,5,2,2012
1847,2012-05-04,5,2,2012
1848,2012-05-03,5,2,2012
1849,2012-05-02,5,2,2012
1850,2012-05-01,5,2,2012
1851,2013-05-31,5,2,2013
1852,2013-05-30,5,2,2013
1853,2013-05-29,5,2,2013
1854,2013-05-28,5,2,2013
1855,2013-05-27,5,2,2013
1856,2013-05-26,5,2,2013
1857,2013-05-25,5,2,2013
1858,2013-05-24,5,2,2013
1859,2013-05-23,5,2,2013
1860,2013-05-22,5,2,2013
1861,2013-05-21,5,2,2013
1862,2013-05-20,5,2,2013
1863,2013-05-19,5,2,2013
1864,2013-05-18,5,2,2013
1865,2013-05-17,5,2,2013
1866,2013-05-16,5,2,2013
1867,2013-05-15,5,2,2013
1868,2013-05-14,5,2,2013
1869,2013-05-13,5,2,2013
1870,2013-05-12,5,2,2013
1871,2013-05-11,5,2,2013
1872,2013-05-10,5,2,2013
1873,2013-05-09,5,2,2013
1874,2013-05-08,5,2,2013
1875,2013-05-07,5,2,2013
1876,2013-05-06,5,2,2013
1877,2013-05-05,5,2,2013
1878,2013-05-04,5,2,2013
1879,2013-05-03,5,2,2013
1880,2013-05-02,5,2,2013
1881,2013-05-01,5,2,2013
1882,2014-05-31,5,2,2014
1883,2014-05-30,5,2,2014
1884,2014-05-29,5,2,2014
1885,2014-05-28,5,2,2014
1886,2014-05-27,5,2,2014
1887,2014-05-26,5,2,2014
1888,2014-05-25,5,2,2014
1889,2014-05-24,5,2,2014
1890,2014-05-23,5,2,2014
1891,2014-05-22,5,2,2014
1892,2014-05-21,5,2,2014
1893,2014-05-20,5,2,2014
1894,2014-05-19,5,2,2014
1895,2014-05-18,5,2,2014
1896,2014-05-17,5,2,2014
1897,2014-05-16,5,2,2014
1898,2014-05-15,5,2,2014
1899,2014-05-14,5,2,2014
1900,2014-05-13,5,2,2014
1901,2014-05-12,5,2,2014
1902,2014-05-11,5,2,2014
1903,2014-05-10,5,2,2014
1904,2014-05-09,5,2,2014
1905,2014-05-08,5,2,2014
1906,2014-05-07,5,2,2014
1907,2014-05-06,5,2,2014
1908,2014-05-05,5,2,2014
1909,2014-05-04,5,2,2014
1910,2014-05-03,5,2,2014
1911,2014-05-02,5,2,2014
1912,2014-05-01,5,2,2014
1913,2015-05-31,5,2,2015
1914,2015-05-30,5,2,2015
1915,2015-05-29,5,2,2015
1916,2015-05-28,5,2,2015
1917,2015-05-27,5,2,2015
1918,2015-05-26,5,2,2015
1919,2015-05-25,5,2,2015
1920,2015-05-24,5,2,2015
1921,2015-05-23,5,2,2015
1922,2015-05-22,5,2,2015
1923,2015-05-21,5,2,2015
1924,2015-05-20,5,2,2015
1925,2015-05-19,5,2,2015
1926,2015-05-18,5,2,2015
1927,2015-05-17,5,2,2015
1928,2015-05-16,5,2,2015
1929,2015-05-15,5,2,2015
1930,2015-05-14,5,2,2015
1931,2015-05-13,5,2,2015
1932,2015-05-12,5,2,2015
1933,2015-05-11,5,2,2015
1934,2015-05-10,5,2,2015
1935,2015-05-09,5,2,2015
1936,2015-05-08,5,2,2015
1937,2015-05-07,5,2,2015
1938,2015-05-06,5,2,2015
1939,2015-05-05,5,2,2015
1940,2015-05-04,5,2,2015
1941,2015-05-03,5,2,2015
1942,2015-05-02,5,2,2015
1943,2015-05-01,5,2,2015
1944,2016-05-31,5,2,2016
1945,2016-05-30,5,2,2016
1946,2016-05-29,5,2,2016
1947,2016-05-28,5,2,2016
1948,2016-05-27,5,2,2016
1949,2016-05-26,5,2,2016
1950,2016-05-25,5,2,2016
1951,2016-05-24,5,2,2016
1952,2016-05-23,5,2,2016
1953,2016-05-22,5,2,2016
1954,2016-05-21,5,2,2016
1955,2016-05-20,5,2,2016
1956,2016-05-19,5,2,2016
1957,2016-05-18,5,2,2016
1958,2016-05-17,5,2,2016
1959,2016-05-16,5,2,2016
1960,2016-05-15,5,2,2016
1961,2016-05-14,5,2,2016
1962,2016-05-13,5,2,2016
1963,2016-05-12,5,2,2016
1964,2016-05-11,5,2,2016
1965,2016-05-10,5,2,2016
1966,2016-05-09,5,2,2016
1967,2016-05-08,5,2,2016
1968,2016-05-07,5,2,2016
1969,2016-05-06,5,2,2016
1970,2016-05-05,5,2,2016
1971,2016-05-04,5,2,2016
1972,2016-05-03,5,2,2016
1973,2016-05-02,5,2,2016
1974,2016-05-01,5,2,2016
1975,2009-05-31,5,2,2009
1976,2009-05-30,5,2,2009
1977,2009-05-29,5,2,2009
1978,2009-05-28,5,2,2009
1979,2009-05-27,5,2,2009
1980,2009-05-26,5,2,2009
1981,2009-05-25,5,2,2009
1982,2009-05-24,5,2,2009
1983,2009-05-23,5,2,2009
1984,2009-05-22,5,2,2009
1985,2009-05-21,5,2,2009
1986,2009-05-20,5,2,2009
1987,2009-05-19,5,2,2009
1988,2009-05-18,5,2,2009
1989,2009-05-17,5,2,2009
1990,2009-05-16,5,2,2009
1991,2009-05-15,5,2,2009
1992,2009-05-14,5,2,2009
1993,2009-05-13,5,2,2009
1994,2009-05-12,5,2,2009
1995,2009-05-11,5,2,2009
1996,2009-05-10,5,2,2009
1997,2009-05-09,5,2,2009
1998,2009-05-08,5,2,2009
1999,2009-05-07,5,2,2009
2000,2009-05-06,5,2,2009
2001,2009-05-05,5,2,2009
2002,2009-05-04,5,2,2009
2003,2009-05-03,5,2,2009
2004,2009-05-02,5,2,2009
2005,2009-05-01,5,2,2009
2006,2010-06-30,6,2,2010
2007,2010-06-29,6,2,2010
2008,2010-06-28,6,2,2010
2009,2010-06-27,6,2,2010
2010,2010-06-26,6,2,2010
2011,2010-06-25,6,2,2010
2012,2010-06-24,6,2,2010
2013,2010-06-23,6,2,2010
2014,2010-06-22,6,2,2010
2015,2010-06-21,6,2,2010
2016,2010-06-20,6,2,2010
2017,2010-06-19,6,2,2010
2018,2010-06-18,6,2,2010
2019,2010-06-17,6,2,2010
2020,2010-06-16,6,2,2010
2021,2010-06-15,6,2,2010
2022,2010-06-14,6,2,2010
2023,2010-06-13,6,2,2010
2024,2010-06-12,6,2,2010
2025,2010-06-11,6,2,2010
2026,2010-06-10,6,2,2010
2027,2010-06-09,6,2,2010
2028,2010-06-08,6,2,2010
2029,2010-06-07,6,2,2010
2030,2010-06-06,6,2,2010
2031,2010-06-05,6,2,2010
2032,2010-06-04,6,2,2010
2033,2010-06-03,6,2,2010
2034,2010-06-02,6,2,2010
2035,2010-06-01,6,2,2010
2036,2011-06-30,6,2,2011
2037,2011-06-29,6,2,2011
2038,2011-06-28,6,2,2011
2039,2011-06-27,6,2,2011
2040,2011-06-26,6,2,2011
2041,2011-06-25,6,2,2011
2042,2011-06-24,6,2,2011
2043,2011-06-23,6,2,2011
2044,2011-06-22,6,2,2011
2045,2011-06-21,6,2,2011
2046,2011-06-20,6,2,2011
2047,2011-06-19,6,2,2011
2048,2011-06-18,6,2,2011
2049,2011-06-17,6,2,2011
2050,2011-06-16,6,2,2011
2051,2011-06-15,6,2,2011
2052,2011-06-14,6,2,2011
2053,2011-06-13,6,2,2011
2054,2011-06-12,6,2,2011
2055,2011-06-11,6,2,2011
2056,2011-06-10,6,2,2011
2057,2011-06-09,6,2,2011
2058,2011-06-08,6,2,2011
2059,2011-06-07,6,2,2011
2060,2011-06-06,6,2,2011
2061,2011-06-05,6,2,2011
2062,2011-06-04,6,2,2011
2063,2011-06-03,6,2,2011
2064,2011-06-02,6,2,2011
2065,2011-06-01,6,2,2011
2066,2012-06-30,6,2,2012
2067,2012-06-29,6,2,2012
2068,2012-06-28,6,2,2012
2069,2012-06-27,6,2,2012
2070,2012-06-26,6,2,2012
2071,2012-06-25,6,2,2012
2072,2012-06-24,6,2,2012
2073,2012-06-23,6,2,2012
2074,2012-06-22,6,2,2012
2075,2012-06-21,6,2,2012
2076,2012-06-20,6,2,2012
2077,2012-06-19,6,2,2012
2078,2012-06-18,6,2,2012
2079,2012-06-17,6,2,2012
2080,2012-06-16,6,2,2012
2081,2012-06-15,6,2,2012
2082,2012-06-14,6,2,2012
2083,2012-06-13,6,2,2012
2084,2012-06-12,6,2,2012
2085,2012-06-11,6,2,2012
2086,2012-06-10,6,2,2012
2087,2012-06-09,6,2,2012
2088,2012-06-08,6,2,2012
2089,2012-06-07,6,2,2012
2090,2012-06-06,6,2,2012
2091,2012-06-05,6,2,2012
2092,2012-06-04,6,2,2012
2093,2012-06-03,6,2,2012
2094,2012-06-02,6,2,2012
2095,2012-06-01,6,2,2012
2096,2013-06-30,6,2,2013
2097,2013-06-29,6,2,2013
2098,2013-06-28,6,2,2013
2099,2013-06-27,6,2,2013
2100,2013-06-26,6,2,2013
2101,2013-06-25,6,2,2013
2102,2013-06-24,6,2,2013
2103,2013-06-23,6,2,2013
2104,2013-06-22,6,2,2013
2105,2013-06-21,6,2,2013
2106,2013-06-20,6,2,2013
2107,2013-06-19,6,2,2013
2108,2013-06-18,6,2,2013
2109,2013-06-17,6,2,2013
2110,2013-06-16,6,2,2013
2111,2013-06-15,6,2,2013
2112,2013-06-14,6,2,2013
2113,2013-06-13,6,2,2013
2114,2013-06-12,6,2,2013
2115,2013-06-11,6,2,2013
2116,2013-06-10,6,2,2013
2117,2013-06-09,6,2,2013
2118,2013-06-08,6,2,2013
2119,2013-06-07,6,2,2013
2120,2013-06-06,6,2,2013
2121,2013-06-05,6,2,2013
2122,2013-06-04,6,2,2013
2123,2013-06-03,6,2,2013
2124,2013-06-02,6,2,2013
2125,2013-06-01,6,2,2013
2126,2014-06-30,6,2,2014
2127,2014-06-29,6,2,2014
2128,2014-06-28,6,2,2014
2129,2014-06-27,6,2,2014
2130,2014-06-26,6,2,2014
2131,2014-06-25,6,2,2014
2132,2014-06-24,6,2,2014
2133,2014-06-23,6,2,2014
2134,2014-06-22,6,2,2014
2135,2014-06-21,6,2,2014
2136,2014-06-20,6,2,2014
2137,2014-06-19,6,2,2014
2138,2014-06-18,6,2,2014
2139,2014-06-17,6,2,2014
2140,2014-06-16,6,2,2014
2141,2014-06-15,6,2,2014
2142,2014-06-14,6,2,2014
2143,2014-06-13,6,2,2014
2144,2014-06-12,6,2,2014
2145,2014-06-11,6,2,2014
2146,2014-06-10,6,2,2014
2147,2014-06-09,6,2,2014
2148,2014-06-08,6,2,2014
2149,2014-06-07,6,2,2014
2150,2014-06-06,6,2,2014
2151,2014-06-05,6,2,2014
2152,2014-06-04,6,2,2014
2153,2014-06-03,6,2,2014
2154,2014-06-02,6,2,2014
2155,2014-06-01,6,2,2014
2156,2015-06-30,6,2,2015
2157,2015-06-29,6,2,2015
2158,2015-06-28,6,2,2015
2159,2015-06-27,6,2,2015
2160,2015-06-26,6,2,2015
2161,2015-06-25,6,2,2015
2162,2015-06-24,6,2,2015
2163,2015-06-23,6,2,2015
2164,2015-06-22,6,2,2015
2165,2015-06-21,6,2,2015
2166,2015-06-20,6,2,2015
2167,2015-06-19,6,2,2015
2168,2015-06-18,6,2,2015
2169,2015-06-17,6,2,2015
2170,2015-06-16,6,2,2015
2171,2015-06-15,6,2,2015
2172,2015-06-14,6,2,2015
2173,2015-06-13,6,2,2015
2174,2015-06-12,6,2,2015
2175,2015-06-11,6,2,2015
2176,2015-06-10,6,2,2015
2177,2015-06-09,6,2,2015
2178,2015-06-08,6,2,2015
2179,2015-06-07,6,2,2015
2180,2015-06-06,6,2,2015
2181,2015-06-05,6,2,2015
2182,2015-06-04,6,2,2015
2183,2015-06-03,6,2,2015
2184,2015-06-02,6,2,2015
2185,2015-06-01,6,2,2015
2186,2016-06-30,6,2,2016
2187,2016-06-29,6,2,2016
2188,2016-06-28,6,2,2016
2189,2016-06-27,6,2,2016
2190,2016-06-26,6,2,2016
2191,2016-06-25,6,2,2016
2192,2016-06-24,6,2,2016
2193,2016-06-23,6,2,2016
2194,2016-06-22,6,2,2016
2195,2016-06-21,6,2,2016
2196,2016-06-20,6,2,2016
2197,2016-06-19,6,2,2016
2198,2016-06-18,6,2,2016
2199,2016-06-17,6,2,2016
2200,2016-06-16,6,2,2016
2201,2016-06-15,6,2,2016
2202,2016-06-14,6,2,2016
2203,2016-06-13,6,2,2016
2204,2016-06-12,6,2,2016
2205,2016-06-11,6,2,2016
2206,2016-06-10,6,2,2016
2207,2016-06-09,6,2,2016
2208,2016-06-08,6,2,2016
2209,2016-06-07,6,2,2016
2210,2016-06-06,6,2,2016
2211,2016-06-05,6,2,2016
2212,2016-06-04,6,2,2016
2213,2016-06-03,6,2,2016
2214,2016-06-02,6,2,2016
2215,2016-06-01,6,2,2016
2216,2009-06-30,6,2,2009
2217,2009-06-29,6,2,2009
2218,2009-06-28,6,2,2009
2219,2009-06-27,6,2,2009
2220,2009-06-26,6,2,2009
2221,2009-06-25,6,2,2009
2222,2009-06-24,6,2,2009
2223,2009-06-23,6,2,2009
2224,2009-06-22,6,2,2009
2225,2009-06-21,6,2,2009
2226,2009-06-20,6,2,2009
2227,2009-06-19,6,2,2009
2228,2009-06-18,6,2,2009
2229,2009-06-17,6,2,2009
2230,2009-06-16,6,2,2009
2231,2009-06-15,6,2,2009
2232,2009-06-14,6,2,2009
2233,2009-06-13,6,2,2009
2234,2009-06-12,6,2,2009
2235,2009-06-11,6,2,2009
2236,2009-06-10,6,2,2009
2237,2009-06-09,6,2,2009
2238,2009-06-08,6,2,2009
2239,2009-06-07,6,2,2009
2240,2009-06-06,6,2,2009
2241,2009-06-05,6,2,2009
2242,2009-06-04,6,2,2009
2243,2009-06-03,6,2,2009
2244,2009-06-02,6,2,2009
2245,2009-06-01,6,2,2009
2246,2010-07-31,7,3,2010
2247,2010-07-30,7,3,2010
2248,2010-07-29,7,3,2010
2249,2010-07-28,7,3,2010
2250,2010-07-27,7,3,2010
2251,2010-07-26,7,3,2010
2252,2010-07-25,7,3,2010
2253,2010-07-24,7,3,2010
2254,2010-07-23,7,3,2010
2255,2010-07-22,7,3,2010
2256,2010-07-21,7,3,2010
2257,2010-07-20,7,3,2010
2258,2010-07-19,7,3,2010
2259,2010-07-18,7,3,2010
2260,2010-07-17,7,3,2010
2261,2010-07-16,7,3,2010
2262,2010-07-15,7,3,2010
2263,2010-07-14,7,3,2010
2264,2010-07-13,7,3,2010
2265,2010-07-12,7,3,2010
2266,2010-07-11,7,3,2010
2267,2010-07-10,7,3,2010
2268,2010-07-09,7,3,2010
2269,2010-07-08,7,3,2010
2270,2010-07-07,7,3,2010
2271,2010-07-06,7,3,2010
2272,2010-07-05,7,3,2010
2273,2010-07-04,7,3,2010
2274,2010-07-03,7,3,2010
2275,2010-07-02,7,3,2010
2276,2010-07-01,7,3,2010
2277,2011-07-31,7,3,2011
2278,2011-07-30,7,3,2011
2279,2011-07-29,7,3,2011
2280,2011-07-28,7,3,2011
2281,2011-07-27,7,3,2011
2282,2011-07-26,7,3,2011
2283,2011-07-25,7,3,2011
2284,2011-07-24,7,3,2011
2285,2011-07-23,7,3,2011
2286,2011-07-22,7,3,2011
2287,2011-07-21,7,3,2011
2288,2011-07-20,7,3,2011
2289,2011-07-19,7,3,2011
2290,2011-07-18,7,3,2011
2291,2011-07-17,7,3,2011
2292,2011-07-16,7,3,2011
2293,2011-07-15,7,3,2011
2294,2011-07-14,7,3,2011
2295,2011-07-13,7,3,2011
2296,2011-07-12,7,3,2011
2297,2011-07-11,7,3,2011
2298,2011-07-10,7,3,2011
2299,2011-07-09,7,3,2011
2300,2011-07-08,7,3,2011
2301,2011-07-07,7,3,2011
2302,2011-07-06,7,3,2011
2303,2011-07-05,7,3,2011
2304,2011-07-04,7,3,2011
2305,2011-07-03,7,3,2011
2306,2011-07-02,7,3,2011
2307,2011-07-01,7,3,2011
2308,2012-07-31,7,3,2012
2309,2012-07-30,7,3,2012
2310,2012-07-29,7,3,2012
2311,2012-07-28,7,3,2012
2312,2012-07-27,7,3,2012
2313,2012-07-26,7,3,2012
2314,2012-07-25,7,3,2012
2315,2012-07-24,7,3,2012
2316,2012-07-23,7,3,2012
2317,2012-07-22,7,3,2012
2318,2012-07-21,7,3,2012
2319,2012-07-20,7,3,2012
2320,2012-07-19,7,3,2012
2321,2012-07-18,7,3,2012
2322,2012-07-17,7,3,2012
2323,2012-07-16,7,3,2012
2324,2012-07-15,7,3,2012
2325,2012-07-14,7,3,2012
2326,2012-07-13,7,3,2012
2327,2012-07-12,7,3,2012
2328,2012-07-11,7,3,2012
2329,2012-07-10,7,3,2012
2330,2012-07-09,7,3,2012
2331,2012-07-08,7,3,2012
2332,2012-07-07,7,3,2012
2333,2012-07-06,7,3,2012
2334,2012-07-05,7,3,2012
2335,2012-07-04,7,3,2012
2336,2012-07-03,7,3,2012
2337,2012-07-02,7,3,2012
2338,2012-07-01,7,3,2012
2339,2013-07-31,7,3,2013
2340,2013-07-30,7,3,2013
2341,2013-07-29,7,3,2013
2342,2013-07-28,7,3,2013
2343,2013-07-27,7,3,2013
2344,2013-07-26,7,3,2013
2345,2013-07-25,7,3,2013
2346,2013-07-24,7,3,2013
2347,2013-07-23,7,3,2013
2348,2013-07-22,7,3,2013
2349,2013-07-21,7,3,2013
2350,2013-07-20,7,3,2013
2351,2013-07-19,7,3,2013
2352,2013-07-18,7,3,2013
2353,2013-07-17,7,3,2013
2354,2013-07-16,7,3,2013
2355,2013-07-15,7,3,2013
2356,2013-07-14,7,3,2013
2357,2013-07-13,7,3,2013
2358,2013-07-12,7,3,2013
2359,2013-07-11,7,3,2013
2360,2013-07-10,7,3,2013
2361,2013-07-09,7,3,2013
2362,2013-07-08,7,3,2013
2363,2013-07-07,7,3,2013
2364,2013-07-06,7,3,2013
2365,2013-07-05,7,3,2013
2366,2013-07-04,7,3,2013
2367,2013-07-03,7,3,2013
2368,2013-07-02,7,3,2013
2369,2013-07-01,7,3,2013
2370,2014-07-31,7,3,2014
2371,2014-07-30,7,3,2014
2372,2014-07-29,7,3,2014
2373,2014-07-28,7,3,2014
2374,2014-07-27,7,3,2014
2375,2014-07-26,7,3,2014
2376,2014-07-25,7,3,2014
2377,2014-07-24,7,3,2014
2378,2014-07-23,7,3,2014
2379,2014-07-22,7,3,2014
2380,2014-07-21,7,3,2014
2381,2014-07-20,7,3,2014
2382,2014-07-19,7,3,2014
2383,2014-07-18,7,3,2014
2384,2014-07-17,7,3,2014
2385,2014-07-16,7,3,2014
2386,2014-07-15,7,3,2014
2387,2014-07-14,7,3,2014
2388,2014-07-13,7,3,2014
2389,2014-07-12,7,3,2014
2390,2014-07-11,7,3,2014
2391,2014-07-10,7,3,2014
2392,2014-07-09,7,3,2014
2393,2014-07-08,7,3,2014
2394,2014-07-07,7,3,2014
2395,2014-07-06,7,3,2014
2396,2014-07-05,7,3,2014
2397,2014-07-04,7,3,2014
2398,2014-07-03,7,3,2014
2399,2014-07-02,7,3,2014
2400,2014-07-01,7,3,2014
2401,2015-07-31,7,3,2015
2402,2015-07-30,7,3,2015
2403,2015-07-29,7,3,2015
2404,2015-07-28,7,3,2015
2405,2015-07-27,7,3,2015
2406,2015-07-26,7,3,2015
2407,2015-07-25,7,3,2015
2408,2015-07-24,7,3,2015
2409,2015-07-23,7,3,2015
2410,2015-07-22,7,3,2015
2411,2015-07-21,7,3,2015
2412,2015-07-20,7,3,2015
2413,2015-07-19,7,3,2015
2414,2015-07-18,7,3,2015
2415,2015-07-17,7,3,2015
2416,2015-07-16,7,3,2015
2417,2015-07-15,7,3,2015
2418,2015-07-14,7,3,2015
2419,2015-07-13,7,3,2015
2420,2015-07-12,7,3,2015
2421,2015-07-11,7,3,2015
2422,2015-07-10,7,3,2015
2423,2015-07-09,7,3,2015
2424,2015-07-08,7,3,2015
2425,2015-07-07,7,3,2015
2426,2015-07-06,7,3,2015
2427,2015-07-05,7,3,2015
2428,2015-07-04,7,3,2015
2429,2015-07-03,7,3,2015
2430,2015-07-02,7,3,2015
2431,2015-07-01,7,3,2015
2432,2016-07-31,7,3,2016
2433,2016-07-30,7,3,2016
2434,2016-07-29,7,3,2016
2435,2016-07-28,7,3,2016
2436,2016-07-27,7,3,2016
2437,2016-07-26,7,3,2016
2438,2016-07-25,7,3,2016
2439,2016-07-24,7,3,2016
2440,2016-07-23,7,3,2016
2441,2016-07-22,7,3,2016
2442,2016-07-21,7,3,2016
2443,2016-07-20,7,3,2016
2444,2016-07-19,7,3,2016
2445,2016-07-18,7,3,2016
2446,2016-07-17,7,3,2016
2447,2016-07-16,7,3,2016
2448,2016-07-15,7,3,2016
2449,2016-07-14,7,3,2016
2450,2016-07-13,7,3,2016
2451,2016-07-12,7,3,2016
2452,2016-07-11,7,3,2016
2453,2016-07-10,7,3,2016
2454,2016-07-09,7,3,2016
2455,2016-07-08,7,3,2016
2456,2016-07-07,7,3,2016
2457,2016-07-06,7,3,2016
2458,2016-07-05,7,3,2016
2459,2016-07-04,7,3,2016
2460,2016-07-03,7,3,2016
2461,2016-07-02,7,3,2016
2462,2016-07-01,7,3,2016
2463,2009-07-31,7,3,2009
2464,2009-07-30,7,3,2009
2465,2009-07-29,7,3,2009
2466,2009-07-28,7,3,2009
2467,2009-07-27,7,3,2009
2468,2009-07-26,7,3,2009
2469,2009-07-25,7,3,2009
2470,2009-07-24,7,3,2009
2471,2009-07-23,7,3,2009
2472,2009-07-22,7,3,2009
2473,2009-07-21,7,3,2009
2474,2009-07-20,7,3,2009
2475,2009-07-19,7,3,2009
2476,2009-07-18,7,3,2009
2477,2009-07-17,7,3,2009
2478,2009-07-16,7,3,2009
2479,2009-07-15,7,3,2009
2480,2009-07-14,7,3,2009
2481,2009-07-13,7,3,2009
2482,2009-07-12,7,3,2009
2483,2009-07-11,7,3,2009
2484,2009-07-10,7,3,2009
2485,2009-07-09,7,3,2009
2486,2009-07-08,7,3,2009
2487,2009-07-07,7,3,2009
2488,2009-07-06,7,3,2009
2489,2009-07-05,7,3,2009
2490,2009-07-04,7,3,2009
2491,2009-07-03,7,3,2009
2492,2009-07-02,7,3,2009
2493,2009-07-01,7,3,2009
2494,2010-08-31,8,3,2010
2495,2010-08-30,8,3,2010
2496,2010-08-29,8,3,2010
2497,2010-08-28,8,3,2010
2498,2010-08-27,8,3,2010
2499,2010-08-26,8,3,2010
2500,2010-08-25,8,3,2010
2501,2010-08-24,8,3,2010
2502,2010-08-23,8,3,2010
2503,2010-08-22,8,3,2010
2504,2010-08-21,8,3,2010
2505,2010-08-20,8,3,2010
2506,2010-08-19,8,3,2010
2507,2010-08-18,8,3,2010
